{"count":1,"self":3481.0970112,"total":5628.5438298,"children":{"InitializeActuators":{"count":1,"self":0.0039889999999999995,"total":0.0039889999999999995,"children":null},"InitializeSensors":{"count":1,"self":0.0039981999999999995,"total":0.0039981999999999995,"children":null},"AgentSendState":{"count":6105651,"self":409.11134719999995,"total":1690.2976440999998,"children":{"CollectObservations":{"count":1221131,"self":48.610649599999995,"total":48.6106499,"children":null},"CollectDiscreteActionMasks":{"count":1221131,"self":10.7517544,"total":10.7517544,"children":null},"RequestDecision":{"count":1221131,"self":76.7263296,"total":661.0000089,"children":{"RayPerceptionSensor.Perceive":{"count":1221131,"self":584.27366399999994,"total":584.2736791,"children":null}}},"RayPerceptionSensor.Perceive":{"count":1221130,"self":560.82391039999993,"total":560.8238864,"children":null}}},"DecideAction":{"count":6105651,"self":264.7154944,"total":264.7154883,"children":null},"AgentAct":{"count":6105651,"self":191.7160448,"total":191.7480223,"children":{"RayPerceptionSensor.Perceive":{"count":68,"self":0.0319778,"total":0.0319778,"children":null}}},"RayPerceptionSensor.Perceive":{"count":1232,"self":0.67669079999999993,"total":0.67669079999999993,"children":null}},"gauges":{"iOvcarML.CumulativeReward":{"count":650,"max":1.92721E+09,"min":-4.261309,"runningAverage":867684736,"value":4.4944E+08,"weightedAverage":8.296125E+08}},"metadata":{"timer_format_version":"0.1.0","start_time_seconds":"1608897917","unity_version":"2019.4.10f1","command_line_arguments":"C:\\Program Files\\Unity\\Hub\\Editor\\2019.4.10f1\\Editor\\Unity.exe -projectpath C:\/Users\/HP\/Desktop\/MagistrskoDelo2020\/iOvcar_Izidor\/iOvcar_Izidor -useHub -hubIPC -cloudEnvironment production -hubSessionId 04a09840-453c-11eb-b7eb-41e7b1f6d4c5 -accessToken RH7tzbW_uhdqgBDBS3UwuPOWuU8TyQxU_dEXiM9f784006f","communication_protocol_version":"1.2.0","com.unity.ml-agents_version":"1.6.0-preview","scene_name":"testScene","end_time_seconds":"1608903545"}}