{"count":1,"self":38518.194176,"total":280449.94890819996,"children":{"InitializeActuators":{"count":4,"self":0.0029985,"total":0.0029985,"children":null},"InitializeSensors":{"count":4,"self":0.0029995,"total":0.0029995,"children":null},"AgentSendState":{"count":37522753,"self":2509.1264512,"total":24664.7084683,"children":{"CollectObservations":{"count":30018204,"self":1088.269824,"total":1088.2698630999998,"children":null},"CollectDiscreteActionMasks":{"count":30018204,"self":336.0819968,"total":336.08198469999996,"children":null},"RequestDecision":{"count":30018204,"self":1089.8225152,"total":20731.230123999998,"children":{"AgentInfo.ToProto":{"count":30018204,"self":809.36064,"total":19641.4075818,"children":{"GenerateSensorData":{"count":30018204,"self":1330.766848,"total":18832.0469319,"children":{"RayPerceptionSensor.Perceive":{"count":30018204,"self":17501.2806656,"total":17501.2801066,"children":null}}}}}}}}},"DecideAction":{"count":37522753,"self":214303.571968,"total":214303.5751313,"children":null},"AgentAct":{"count":37522753,"self":2954.7337727999998,"total":2958.9269787999997,"children":{"AgentInfo.ToProto":{"count":5911,"self":0.1760243,"total":4.1931077,"children":{"GenerateSensorData":{"count":5911,"self":0.27182239999999996,"total":4.0170834,"children":{"RayPerceptionSensor.Perceive":{"count":5911,"self":3.7452607999999996,"total":3.7452609999999997,"children":null}}}}}}},"AgentInfo.ToProto":{"count":6392,"self":0.237874,"total":4.5360809999999994,"children":{"GenerateSensorData":{"count":6392,"self":0.28185509999999997,"total":4.298207,"children":{"RayPerceptionSensor.Perceive":{"count":6392,"self":4.0163519999999995,"total":4.0163519,"children":null}}}}}},"gauges":{"iOvcarML.CumulativeReward":{"count":12303,"max":0.06986124,"min":-53.2521973,"runningAverage":-24.61392,"value":-0.08399997,"weightedAverage":-20.7530327}},"metadata":{"timer_format_version":"0.1.0","start_time_seconds":"1609416424","unity_version":"2019.4.10f1","command_line_arguments":"C:\\Program Files\\Unity\\Hub\\Editor\\2019.4.10f1\\Editor\\Unity.exe -projectpath C:\/Users\/HP\/Desktop\/MagistrskoDelo2020\/iOvcar_Izidor\/iOvcar_Izidor -useHub -hubIPC -cloudEnvironment production -hubSessionId ab0f42c0-49e3-11eb-b336-1f1883c8e61b -accessToken zCkLQciTZQ1UqY3nILh3SQaiC_o2PyzqrOcCjSWphN4006f","communication_protocol_version":"1.2.0","com.unity.ml-agents_version":"1.6.0-preview","scene_name":"trainingScene","end_time_seconds":"1609696874"}}