{"cameraMode":{"drawMode":0,"name":"Shaded","section":"Shading Mode"},"sceneLighting":false,"audioPlay":false,"sceneViewState":{"showFog":false,"showMaterialUpdate":false,"showSkybox":false,"showFlares":false,"showImageEffects":false,"showParticleSystems":false},"in2DMode":false,"pivot":{"x":0.4326052665710449,"y":2.2375168800354006,"z":-0.24234628677368165},"rotation":{"x":0.380186527967453,"y":0.0033317292109131815,"z":-0.0013688869075849653,"w":0.9249047636985779},"size":5.65594482421875,"orthographic":false}